Coordonnées cartésiennes x/y/z,Vitesse selon x/y/z,Masse totale de la fusée
"[7137217.057302719, 319356.6041032885, 0.0]","[3312.348274703195, 563.137821634874, 0.0]",34450
Coordonnées cartésiennes x/y/z,Vitesse selon x/y/z,Masse totale de la fusée
"[6414000.754148467, 55895.418458111744, 0.0]","[771.675765599373, 468.43613285199376, 0.0]",319950
Coordonnées cartésiennes x/y/z,Vitesse selon x/y/z,Masse totale de la fusée
"[6650792.78014988, 197133.80986811253, 0.0]","[1587.1382304849394, 492.31652285175625, 0.0]",145950
Coordonnées cartésiennes x/y/z,Vitesse selon x/y/z,Masse totale de la fusée
"[7137217.057302719, 319356.6041032885, 0.0]","[3312.348274703195, 563.137821634874, 0.0]",34450
