Coordonnées cartésiennes x/y/z,Vitesse selon x/y/z,Masse totale de la fusée
"[[4296312.45800559, -5102885.711096872, 583233.7498870163, -401.0379009489572, 1160.4973941553685, -101.57788222790055, 34450.0], [4296312.45800559, -5102885.711096872, 583233.7498870163, -401.0379009489572, 1160.4973941553685, -101.57788222790055, 34450.0], [4296312.45800559, -5102885.711096872, 583233.7498870163, -401.0379009489572, 1160.4973941553685, -101.57788222790055, 34450.0]]","[[4296312.45800559, -5102885.711096872, 583233.7498870163, -401.0379009489572, 1160.4973941553685, -101.57788222790055, 34450.0], [4296312.45800559, -5102885.711096872, 583233.7498870163, -401.0379009489572, 1160.4973941553685, -101.57788222790055, 34450.0], [4296312.45800559, -5102885.711096872, 583233.7498870163, -401.0379009489572, 1160.4973941553685, -101.57788222790055, 34450.0]]","[4296312.45800559, -5102885.711096872, 583233.7498870163, -401.0379009489572, 1160.4973941553685, -101.57788222790055, 34450.0]"
