Coordonnées cartésiennes x/y/z,Vitesse selon x/y/z,Masse totale de la fusée
<<<<<<< HEAD
"[[4296312.45800559, -5102885.711096872, 583233.7498870163, -401.0379009489572, 1160.4973941553685, -101.57788222790055, 34450.0], [4296312.45800559, -5102885.711096872, 583233.7498870163, -401.0379009489572, 1160.4973941553685, -101.57788222790055, 34450.0], [4296312.45800559, -5102885.711096872, 583233.7498870163, -401.0379009489572, 1160.4973941553685, -101.57788222790055, 34450.0]]","[[4296312.45800559, -5102885.711096872, 583233.7498870163, -401.0379009489572, 1160.4973941553685, -101.57788222790055, 34450.0], [4296312.45800559, -5102885.711096872, 583233.7498870163, -401.0379009489572, 1160.4973941553685, -101.57788222790055, 34450.0], [4296312.45800559, -5102885.711096872, 583233.7498870163, -401.0379009489572, 1160.4973941553685, -101.57788222790055, 34450.0]]","[4296312.45800559, -5102885.711096872, 583233.7498870163, -401.0379009489572, 1160.4973941553685, -101.57788222790055, 34450.0]"
=======
"[0.00000000e+00 4.83940881e-03 5.32334970e-02 ... 1.19814431e+02
 1.19934432e+02 1.20001200e+02]","[4296312.45800559, -5102885.711096872, 583233.7498870163]","[-401.0379009489572, 1160.4973941553685, -101.57788222790055]",34450.0
>>>>>>> 07ef1a5a691c45cf690d50d340993e0417328bb6
